Date,Content,Video title,Video publish time,Duration,Views
2025-09-18,Fu7Z_ktybTU,Market Puzzle  Tesla vs Nvidia,"Oct 6, 2025",318,0
2025-09-19,Fu7Z_ktybTU,Market Puzzle  Tesla vs Nvidia,"Oct 6, 2025",318,0
2025-09-20,Fu7Z_ktybTU,Market Puzzle  Tesla vs Nvidia,"Oct 6, 2025",318,0
2025-09-21,Fu7Z_ktybTU,Market Puzzle  Tesla vs Nvidia,"Oct 6, 2025",318,0
2025-09-22,Fu7Z_ktybTU,Market Puzzle  Tesla vs Nvidia,"Oct 6, 2025",318,0
2025-09-23,Fu7Z_ktybTU,Market Puzzle  Tesla vs Nvidia,"Oct 6, 2025",318,0
2025-09-24,Fu7Z_ktybTU,Market Puzzle  Tesla vs Nvidia,"Oct 6, 2025",318,0
2025-09-25,Fu7Z_ktybTU,Market Puzzle  Tesla vs Nvidia,"Oct 6, 2025",318,0
2025-09-26,Fu7Z_ktybTU,Market Puzzle  Tesla vs Nvidia,"Oct 6, 2025",318,0
2025-09-27,Fu7Z_ktybTU,Market Puzzle  Tesla vs Nvidia,"Oct 6, 2025",318,0
2025-09-28,Fu7Z_ktybTU,Market Puzzle  Tesla vs Nvidia,"Oct 6, 2025",318,0
2025-09-29,Fu7Z_ktybTU,Market Puzzle  Tesla vs Nvidia,"Oct 6, 2025",318,0
2025-09-30,Fu7Z_ktybTU,Market Puzzle  Tesla vs Nvidia,"Oct 6, 2025",318,0
2025-10-01,Fu7Z_ktybTU,Market Puzzle  Tesla vs Nvidia,"Oct 6, 2025",318,0
2025-10-02,Fu7Z_ktybTU,Market Puzzle  Tesla vs Nvidia,"Oct 6, 2025",318,0
2025-10-03,Fu7Z_ktybTU,Market Puzzle  Tesla vs Nvidia,"Oct 6, 2025",318,0
2025-10-04,Fu7Z_ktybTU,Market Puzzle  Tesla vs Nvidia,"Oct 6, 2025",318,0
2025-10-05,Fu7Z_ktybTU,Market Puzzle  Tesla vs Nvidia,"Oct 6, 2025",318,0
2025-10-06,Fu7Z_ktybTU,Market Puzzle  Tesla vs Nvidia,"Oct 6, 2025",318,0
2025-10-07,Fu7Z_ktybTU,Market Puzzle  Tesla vs Nvidia,"Oct 6, 2025",318,2
2025-10-08,Fu7Z_ktybTU,Market Puzzle  Tesla vs Nvidia,"Oct 6, 2025",318,0
2025-10-09,Fu7Z_ktybTU,Market Puzzle  Tesla vs Nvidia,"Oct 6, 2025",318,3
2025-10-10,Fu7Z_ktybTU,Market Puzzle  Tesla vs Nvidia,"Oct 6, 2025",318,2
2025-10-11,Fu7Z_ktybTU,Market Puzzle  Tesla vs Nvidia,"Oct 6, 2025",318,0
2025-10-12,Fu7Z_ktybTU,Market Puzzle  Tesla vs Nvidia,"Oct 6, 2025",318,0
2025-10-13,Fu7Z_ktybTU,Market Puzzle  Tesla vs Nvidia,"Oct 6, 2025",318,0
2025-10-14,Fu7Z_ktybTU,Market Puzzle  Tesla vs Nvidia,"Oct 6, 2025",318,0
2025-10-15,Fu7Z_ktybTU,Market Puzzle  Tesla vs Nvidia,"Oct 6, 2025",318,0
2025-09-18,X2r4mtoTooo,The AI s Goldfish Memory,"Oct 11, 2025",412,0
2025-09-19,X2r4mtoTooo,The AI s Goldfish Memory,"Oct 11, 2025",412,0
2025-09-20,X2r4mtoTooo,The AI s Goldfish Memory,"Oct 11, 2025",412,0
2025-09-21,X2r4mtoTooo,The AI s Goldfish Memory,"Oct 11, 2025",412,0
2025-09-22,X2r4mtoTooo,The AI s Goldfish Memory,"Oct 11, 2025",412,0
2025-09-23,X2r4mtoTooo,The AI s Goldfish Memory,"Oct 11, 2025",412,0
2025-09-24,X2r4mtoTooo,The AI s Goldfish Memory,"Oct 11, 2025",412,0
2025-09-25,X2r4mtoTooo,The AI s Goldfish Memory,"Oct 11, 2025",412,0
2025-09-26,X2r4mtoTooo,The AI s Goldfish Memory,"Oct 11, 2025",412,0
2025-09-27,X2r4mtoTooo,The AI s Goldfish Memory,"Oct 11, 2025",412,0
2025-09-28,X2r4mtoTooo,The AI s Goldfish Memory,"Oct 11, 2025",412,0
2025-09-29,X2r4mtoTooo,The AI s Goldfish Memory,"Oct 11, 2025",412,0
2025-09-30,X2r4mtoTooo,The AI s Goldfish Memory,"Oct 11, 2025",412,0
2025-10-01,X2r4mtoTooo,The AI s Goldfish Memory,"Oct 11, 2025",412,0
2025-10-02,X2r4mtoTooo,The AI s Goldfish Memory,"Oct 11, 2025",412,0
2025-10-03,X2r4mtoTooo,The AI s Goldfish Memory,"Oct 11, 2025",412,0
2025-10-04,X2r4mtoTooo,The AI s Goldfish Memory,"Oct 11, 2025",412,0
2025-10-05,X2r4mtoTooo,The AI s Goldfish Memory,"Oct 11, 2025",412,0
2025-10-06,X2r4mtoTooo,The AI s Goldfish Memory,"Oct 11, 2025",412,0
2025-10-07,X2r4mtoTooo,The AI s Goldfish Memory,"Oct 11, 2025",412,0
2025-10-08,X2r4mtoTooo,The AI s Goldfish Memory,"Oct 11, 2025",412,0
2025-10-09,X2r4mtoTooo,The AI s Goldfish Memory,"Oct 11, 2025",412,0
2025-10-10,X2r4mtoTooo,The AI s Goldfish Memory,"Oct 11, 2025",412,0
2025-10-11,X2r4mtoTooo,The AI s Goldfish Memory,"Oct 11, 2025",412,1
2025-10-12,X2r4mtoTooo,The AI s Goldfish Memory,"Oct 11, 2025",412,3
2025-10-13,X2r4mtoTooo,The AI s Goldfish Memory,"Oct 11, 2025",412,5
2025-10-14,X2r4mtoTooo,The AI s Goldfish Memory,"Oct 11, 2025",412,7
2025-10-15,X2r4mtoTooo,The AI s Goldfish Memory,"Oct 11, 2025",412,1
2025-09-18,iH4J5N6l1fk,Introduce Yourself in 20 Words,"Oct 6, 2025",387,0
2025-09-19,iH4J5N6l1fk,Introduce Yourself in 20 Words,"Oct 6, 2025",387,0
2025-09-20,iH4J5N6l1fk,Introduce Yourself in 20 Words,"Oct 6, 2025",387,0
2025-09-21,iH4J5N6l1fk,Introduce Yourself in 20 Words,"Oct 6, 2025",387,0
2025-09-22,iH4J5N6l1fk,Introduce Yourself in 20 Words,"Oct 6, 2025",387,0
2025-09-23,iH4J5N6l1fk,Introduce Yourself in 20 Words,"Oct 6, 2025",387,0
2025-09-24,iH4J5N6l1fk,Introduce Yourself in 20 Words,"Oct 6, 2025",387,0
2025-09-25,iH4J5N6l1fk,Introduce Yourself in 20 Words,"Oct 6, 2025",387,0
2025-09-26,iH4J5N6l1fk,Introduce Yourself in 20 Words,"Oct 6, 2025",387,0
2025-09-27,iH4J5N6l1fk,Introduce Yourself in 20 Words,"Oct 6, 2025",387,0
2025-09-28,iH4J5N6l1fk,Introduce Yourself in 20 Words,"Oct 6, 2025",387,0
2025-09-29,iH4J5N6l1fk,Introduce Yourself in 20 Words,"Oct 6, 2025",387,0
2025-09-30,iH4J5N6l1fk,Introduce Yourself in 20 Words,"Oct 6, 2025",387,0
2025-10-01,iH4J5N6l1fk,Introduce Yourself in 20 Words,"Oct 6, 2025",387,0
2025-10-02,iH4J5N6l1fk,Introduce Yourself in 20 Words,"Oct 6, 2025",387,0
2025-10-03,iH4J5N6l1fk,Introduce Yourself in 20 Words,"Oct 6, 2025",387,0
2025-10-04,iH4J5N6l1fk,Introduce Yourself in 20 Words,"Oct 6, 2025",387,0
2025-10-05,iH4J5N6l1fk,Introduce Yourself in 20 Words,"Oct 6, 2025",387,0
2025-10-06,iH4J5N6l1fk,Introduce Yourself in 20 Words,"Oct 6, 2025",387,2
2025-10-07,iH4J5N6l1fk,Introduce Yourself in 20 Words,"Oct 6, 2025",387,0
2025-10-08,iH4J5N6l1fk,Introduce Yourself in 20 Words,"Oct 6, 2025",387,1
2025-10-09,iH4J5N6l1fk,Introduce Yourself in 20 Words,"Oct 6, 2025",387,0
2025-10-10,iH4J5N6l1fk,Introduce Yourself in 20 Words,"Oct 6, 2025",387,0
2025-10-11,iH4J5N6l1fk,Introduce Yourself in 20 Words,"Oct 6, 2025",387,0
2025-10-12,iH4J5N6l1fk,Introduce Yourself in 20 Words,"Oct 6, 2025",387,2
2025-10-13,iH4J5N6l1fk,Introduce Yourself in 20 Words,"Oct 6, 2025",387,0
2025-10-14,iH4J5N6l1fk,Introduce Yourself in 20 Words,"Oct 6, 2025",387,0
2025-10-15,iH4J5N6l1fk,Introduce Yourself in 20 Words,"Oct 6, 2025",387,0
2025-09-18,tRU8g0AoxHU,Context Engineering,"Oct 10, 2025",418,0
2025-09-19,tRU8g0AoxHU,Context Engineering,"Oct 10, 2025",418,0
2025-09-20,tRU8g0AoxHU,Context Engineering,"Oct 10, 2025",418,0
2025-09-21,tRU8g0AoxHU,Context Engineering,"Oct 10, 2025",418,0
2025-09-22,tRU8g0AoxHU,Context Engineering,"Oct 10, 2025",418,0
2025-09-23,tRU8g0AoxHU,Context Engineering,"Oct 10, 2025",418,0
2025-09-24,tRU8g0AoxHU,Context Engineering,"Oct 10, 2025",418,0
2025-09-25,tRU8g0AoxHU,Context Engineering,"Oct 10, 2025",418,0
2025-09-26,tRU8g0AoxHU,Context Engineering,"Oct 10, 2025",418,0
2025-09-27,tRU8g0AoxHU,Context Engineering,"Oct 10, 2025",418,0
2025-09-28,tRU8g0AoxHU,Context Engineering,"Oct 10, 2025",418,0
2025-09-29,tRU8g0AoxHU,Context Engineering,"Oct 10, 2025",418,0
2025-09-30,tRU8g0AoxHU,Context Engineering,"Oct 10, 2025",418,0
2025-10-01,tRU8g0AoxHU,Context Engineering,"Oct 10, 2025",418,0
2025-10-02,tRU8g0AoxHU,Context Engineering,"Oct 10, 2025",418,0
2025-10-03,tRU8g0AoxHU,Context Engineering,"Oct 10, 2025",418,0
2025-10-04,tRU8g0AoxHU,Context Engineering,"Oct 10, 2025",418,0
2025-10-05,tRU8g0AoxHU,Context Engineering,"Oct 10, 2025",418,0
2025-10-06,tRU8g0AoxHU,Context Engineering,"Oct 10, 2025",418,0
2025-10-07,tRU8g0AoxHU,Context Engineering,"Oct 10, 2025",418,0
2025-10-08,tRU8g0AoxHU,Context Engineering,"Oct 10, 2025",418,0
2025-10-09,tRU8g0AoxHU,Context Engineering,"Oct 10, 2025",418,0
2025-10-10,tRU8g0AoxHU,Context Engineering,"Oct 10, 2025",418,18
2025-10-11,tRU8g0AoxHU,Context Engineering,"Oct 10, 2025",418,3
2025-10-12,tRU8g0AoxHU,Context Engineering,"Oct 10, 2025",418,0
2025-10-13,tRU8g0AoxHU,Context Engineering,"Oct 10, 2025",418,0
2025-10-14,tRU8g0AoxHU,Context Engineering,"Oct 10, 2025",418,0
2025-10-15,tRU8g0AoxHU,Context Engineering,"Oct 10, 2025",418,0
2025-09-18,v4af06Z6UBg,The Godfather of AI s Warning,"Oct 6, 2025",387,0
2025-09-19,v4af06Z6UBg,The Godfather of AI s Warning,"Oct 6, 2025",387,0
2025-09-20,v4af06Z6UBg,The Godfather of AI s Warning,"Oct 6, 2025",387,0
2025-09-21,v4af06Z6UBg,The Godfather of AI s Warning,"Oct 6, 2025",387,0
2025-09-22,v4af06Z6UBg,The Godfather of AI s Warning,"Oct 6, 2025",387,0
2025-09-23,v4af06Z6UBg,The Godfather of AI s Warning,"Oct 6, 2025",387,0
2025-09-24,v4af06Z6UBg,The Godfather of AI s Warning,"Oct 6, 2025",387,0
2025-09-25,v4af06Z6UBg,The Godfather of AI s Warning,"Oct 6, 2025",387,0
2025-09-26,v4af06Z6UBg,The Godfather of AI s Warning,"Oct 6, 2025",387,0
2025-09-27,v4af06Z6UBg,The Godfather of AI s Warning,"Oct 6, 2025",387,0
2025-09-28,v4af06Z6UBg,The Godfather of AI s Warning,"Oct 6, 2025",387,0
2025-09-29,v4af06Z6UBg,The Godfather of AI s Warning,"Oct 6, 2025",387,0
2025-09-30,v4af06Z6UBg,The Godfather of AI s Warning,"Oct 6, 2025",387,0
2025-10-01,v4af06Z6UBg,The Godfather of AI s Warning,"Oct 6, 2025",387,0
2025-10-02,v4af06Z6UBg,The Godfather of AI s Warning,"Oct 6, 2025",387,0
2025-10-03,v4af06Z6UBg,The Godfather of AI s Warning,"Oct 6, 2025",387,0
2025-10-04,v4af06Z6UBg,The Godfather of AI s Warning,"Oct 6, 2025",387,0
2025-10-05,v4af06Z6UBg,The Godfather of AI s Warning,"Oct 6, 2025",387,0
2025-10-06,v4af06Z6UBg,The Godfather of AI s Warning,"Oct 6, 2025",387,1
2025-10-07,v4af06Z6UBg,The Godfather of AI s Warning,"Oct 6, 2025",387,2
2025-10-08,v4af06Z6UBg,The Godfather of AI s Warning,"Oct 6, 2025",387,6
2025-10-09,v4af06Z6UBg,The Godfather of AI s Warning,"Oct 6, 2025",387,3
2025-10-10,v4af06Z6UBg,The Godfather of AI s Warning,"Oct 6, 2025",387,2
2025-10-11,v4af06Z6UBg,The Godfather of AI s Warning,"Oct 6, 2025",387,0
2025-10-12,v4af06Z6UBg,The Godfather of AI s Warning,"Oct 6, 2025",387,0
2025-10-13,v4af06Z6UBg,The Godfather of AI s Warning,"Oct 6, 2025",387,0
2025-10-14,v4af06Z6UBg,The Godfather of AI s Warning,"Oct 6, 2025",387,0
2025-10-15,v4af06Z6UBg,The Godfather of AI s Warning,"Oct 6, 2025",387,0